<?xml version="1.0" encoding="UTF-8"?>
<LightningComponentBundle xmlns="http://soap.sforce.com/2006/04/metadata" fqn="tl_trailheadAssignments">
    <masterLabel>TH Assigned Trails and Badges</masterLabel>
    <description>Component that defines the TrailTracker assigned Trails and Badges for the current user</description>
    <apiVersion>45.0</apiVersion>
    <isExposed>true</isExposed>
    <targets>
        <target>lightning__AppPage</target>
        <target>lightning__HomePage</target>
        <target>lightning__RecordPage</target>
    </targets>
    <targetConfigs>
        <targetConfig targets="lightning__AppPage, lightning__HomePage">
            <!-- whether to include badges or trailmixes within the results -->
            <property name="badgesOrTrailmixes" type="String"
                label="Badges or Trailmixes"
                description="Should we include Badges or Trailmixes or Both"
                datasource="Badge,TrailMix,Both"
                default="Badge"
                required="true"
            />
            <!-- pagination size for the results -->
            <property name="paginationSize" type="Integer"
                label="Page Size"
                description="Page size for the results"
                default="5"
                min="2"
                max="10"
                required="true"
            />
            <!-- number of days until due date to indicate it is upcoming -->
            <property name="upcomingEventWindow" type="Integer"
                label="Events Due in X Days Marked as Upcoming"
                description="If events are due within this many days they are marked as Upcoming"
                default="7"
                min="2"
                max="355"
                required="true"
            />
            <!-- whether to show only assignmetns that are overdue -->
            <property name="dueDateFilter" type="String"
                label="Only Show Assignments that are Overdue"
                default="All"
                datasource="All,Overdue,Overdue+Upcoming"
            />
        </targetConfig>
    </targetConfigs>
</LightningComponentBundle>